id	treasury_cost	expenditure_type	income_type	expenditure_type_when_regular	income_type_when_regular
#resource_costs_tables;0;db/resource_costs_tables/zzzz_studio_edits					
studio_cost_50	-50	RECRUITMENT	CANCELLED_RECRUITMENT	ARMY_UPKEEP	BACKGROUND_INCOME
Yukino_Skv_Upgrade_Cost_T3	-400	RECRUITMENT	CANCELLED_RECRUITMENT	ARMY_UPKEEP	BACKGROUND_INCOME
Yukino_Skv_Upgrade_Cost_T4	-600	RECRUITMENT	CANCELLED_RECRUITMENT	ARMY_UPKEEP	BACKGROUND_INCOME
Yukino_Skv_Upgrade_Cost_T5	-800	RECRUITMENT	CANCELLED_RECRUITMENT	ARMY_UPKEEP	BACKGROUND_INCOME
Yukino_Skv_Upgrade_Cost_T1	-100	RECRUITMENT	CANCELLED_RECRUITMENT	ARMY_UPKEEP	BACKGROUND_INCOME
Yukino_Skv_Upgrade_Cost_T2	-200	RECRUITMENT	CANCELLED_RECRUITMENT	ARMY_UPKEEP	BACKGROUND_INCOME
Yukino_Skv_Upgrade_Cost_ROR_1	-1000	RECRUITMENT	CANCELLED_RECRUITMENT	ARMY_UPKEEP	BACKGROUND_INCOME
Yukino_Skv_Upgrade_Cost_ROR_2	-2000	RECRUITMENT	CANCELLED_RECRUITMENT	ARMY_UPKEEP	BACKGROUND_INCOME
Yukino_Skv_Upgrade_Cost_ROR_3	-3000	RECRUITMENT	CANCELLED_RECRUITMENT	ARMY_UPKEEP	BACKGROUND_INCOME
pototo_vmp_wb_corpses_t1	0	RECRUITMENT	CANCELLED_RECRUITMENT	ARMY_UPKEEP	BACKGROUND_INCOME
pototo_vmp_wb_corpses_t2	0	RECRUITMENT	CANCELLED_RECRUITMENT	ARMY_UPKEEP	BACKGROUND_INCOME
pototo_vmp_wb_corpses_t3	0	RECRUITMENT	CANCELLED_RECRUITMENT	ARMY_UPKEEP	BACKGROUND_INCOME
pototo_vmp_wb_corpses_t4	0	RECRUITMENT	CANCELLED_RECRUITMENT	ARMY_UPKEEP	BACKGROUND_INCOME
pototo_vmp_wb_corpses_t5	0	RECRUITMENT	CANCELLED_RECRUITMENT	ARMY_UPKEEP	BACKGROUND_INCOME
pototo_vmp_wb_corpses_ror1	0	RECRUITMENT	CANCELLED_RECRUITMENT	ARMY_UPKEEP	BACKGROUND_INCOME
pototo_vmp_wb_corpses_ror2	0	RECRUITMENT	CANCELLED_RECRUITMENT	ARMY_UPKEEP	BACKGROUND_INCOME
pototo_vmp_wb_corpses_ror3	0	RECRUITMENT	CANCELLED_RECRUITMENT	ARMY_UPKEEP	BACKGROUND_INCOME
pototo_vmp_wb_corpses_weapon_swap_1	0	RECRUITMENT	CANCELLED_RECRUITMENT	ARMY_UPKEEP	BACKGROUND_INCOME
pototo_vmp_wb_corpses_weapon_swap_2	0	RECRUITMENT	CANCELLED_RECRUITMENT	ARMY_UPKEEP	BACKGROUND_INCOME
pototo_vmp_wb_corpses_weapon_swap_3	0	RECRUITMENT	CANCELLED_RECRUITMENT	ARMY_UPKEEP	BACKGROUND_INCOME
