unit	military_group
#units_to_groupings_military_permissions_tables;0;db/units_to_groupings_military_permissions_tables/zzzz_studio_edits	
wh2_main_skv_art_plagueclaw_catapult	wh2_main_skv
wh2_main_skv_art_warp_lightning_cannon	wh2_main_skv
wh2_dlc16_skv_mon_wolf_rats_1	wh2_main_skv
wh2_dlc16_skv_mon_wolf_rats_0	wh2_main_skv
wh3_dlc29_skv_art_plagueclaw_catapult_ror	wh2_main_skv
wh3_dlc29_skv_art_warp_doom_magma_cannon	wh2_main_skv
wh3_dlc29_skv_mon_stormfiend_ratling_cannons	wh2_main_skv
wh3_dlc29_skv_mon_stormfiend_windlaunchers	wh2_main_skv
wh3_dlc29_skv_mon_stormfiends_ratling_cannons_ror	wh2_main_skv
wh3_dlc29_skv_mon_stormfiend_warpfire_projectors	wh2_main_skv
wh2_dlc12_skv_art_warp_lightning_cannon_ror_0	wh2_main_skv
wh2_main_skv_art_plagueclaw_catapult	wh2_main_skv_ikit
wh2_main_skv_art_warp_lightning_cannon	wh2_main_skv_ikit
wh2_dlc16_skv_mon_wolf_rats_1	wh2_main_skv_ikit
wh2_dlc16_skv_mon_wolf_rats_0	wh2_main_skv_ikit
wh3_dlc29_skv_art_plagueclaw_catapult_ror	wh2_main_skv_ikit
wh3_dlc29_skv_art_warp_doom_magma_cannon	wh2_main_skv_ikit
wh3_dlc29_skv_mon_stormfiend_ratling_cannons	wh2_main_skv_ikit
wh3_dlc29_skv_mon_stormfiend_windlaunchers	wh2_main_skv_ikit
wh3_dlc29_skv_mon_stormfiends_ratling_cannons_ror	wh2_main_skv_ikit
wh3_dlc29_skv_mon_stormfiend_warpfire_projectors	wh2_main_skv_ikit
wh2_dlc12_skv_art_warp_lightning_cannon_ror_0	wh2_main_skv_ikit
wh2_main_skv_art_plagueclaw_catapult	wh3_dlc29_group_endgame_skaven
wh2_main_skv_art_warp_lightning_cannon	wh3_dlc29_group_endgame_skaven
wh2_dlc16_skv_mon_wolf_rats_1	wh3_dlc29_group_endgame_skaven
wh2_dlc16_skv_mon_wolf_rats_0	wh3_dlc29_group_endgame_skaven
wh3_dlc29_skv_art_plagueclaw_catapult_ror	wh3_dlc29_group_endgame_skaven
wh3_dlc29_skv_art_warp_doom_magma_cannon	wh3_dlc29_group_endgame_skaven
wh2_dlc16_skv_mon_brood_horror_0	wh3_dlc29_group_endgame_skaven
wh3_dlc29_skv_mon_stormfiend_ratling_cannons	wh3_dlc29_group_endgame_skaven
wh3_dlc29_skv_mon_stormfiend_windlaunchers	wh3_dlc29_group_endgame_skaven
wh3_dlc29_skv_mon_stormfiends_ratling_cannons_ror	wh3_dlc29_group_endgame_skaven
wh3_dlc29_skv_mon_stormfiend_warpfire_projectors	wh3_dlc29_group_endgame_skaven
wh2_dlc12_skv_art_warp_lightning_cannon_ror_0	wh3_dlc29_group_endgame_skaven
