upgrade_key	base_unit_group	target_unit_group	resource_cost	required_rank	subtracted_rank
#unit_upgrade_to_unit_groups_tables;3;db/unit_upgrade_to_unit_groups_tables/Yukino_Upgrade_Nur					
Nur_Inf_Plaguebearers_2_To_RoR	wh3_main_chs_plaguebearers_exalted	Yukino_Nur_Inf_Plaguebearers_RoR	Yukino_Upgrade_Cost_RoR1	9	0
Nur_Inf_Plaguebearers_2_To_Cav_Plague_Drones_1	wh3_main_chs_plaguebearers_exalted	Yukino_Nur_Cav_Plague_Drones_2	Yukino_Upgrade_Cost_T4	7	7
Nur_Inf_Plaguebearers_1_To_2	wh3_main_chs_plaguebearers	wh3_main_chs_plaguebearers_exalted	Yukino_Upgrade_Cost_T4	7	7
Nur_Inf_Plaguebearers_1_To_Cav_Pox_Riders_of_Nurgle	wh3_main_chs_plaguebearers	Yukino_Nur_Cav_Pox_Riders_of_Nurgle	Yukino_Upgrade_Cost_T2	3	3
Nur_Inf_Plaguebearers_1_To_Cav_Plague_Drones_1	wh3_main_chs_plaguebearers	Yukino_Nur_Cav_Plague_Drones_1	Yukino_Upgrade_Cost_T3	5	5
Nur_Cav_Pox_Riders_of_Nurgle_To_RoR	Yukino_Nur_Cav_Pox_Riders_of_Nurgle	Yukino_Nur_Cav_Pox_Riders_of_Nurgle_RoR	Yukino_Upgrade_Cost_RoR2	9	0
Nur_Mon_Plague_Toads_To_Cav_Pox_Riders_of_Nurgle	Yukino_Nur_Mon_Plague_Toads	Yukino_Nur_Cav_Pox_Riders_of_Nurgle	Yukino_Upgrade_Cost_T3	5	5
Nur_Mon_Plague_Toads_To_Toad_Dragon	Yukino_Nur_Mon_Plague_Toads	Yukino_Nur_Cav_Pox_Riders_of_Nurgle_RoR	Yukino_Upgrade_Cost_T5	9	9
Nur_Inf_Nurglings_To_RoR	Yukino_Nur_Inf_Nurglings	Yukino_Nur_Inf_Nurglings_RoR	Yukino_Upgrade_Cost_RoR1	9	0
Nur_Inf_Nurglings_To_Plaguebearers	Yukino_Nur_Inf_Nurglings	wh3_main_chs_plaguebearers	Yukino_Upgrade_Cost_T2	3	3
Nur_Inf_Nurglings_To_Mon_Beast_of_Nurgle	Yukino_Nur_Inf_Nurglings	Yukino_Nur_Mon_Beast_of_Nurgle	Yukino_Upgrade_Cost_T3	5	5
Nur_Inf_Chosen_To_Cav_Rot_Knights	wh3_dlc20_chs_chosen_nur	wh3_dlc25_nur_cav_rot_knights	Yukino_Upgrade_Cost_T5	9	9
Nur_Inf_Warriors_To_Chosen	wh3_dlc20_chs_warriors_nur	wh3_dlc20_chs_chosen_nur	Yukino_Upgrade_Cost_T4	7	7
Yukino_Nur_Inf_Chosen	wh3_dlc20_chs_chosen_nur	wh3_dlc20_chs_chosen_nur	Yukino_Upgrade_Cost_Weapon_Swap_3	0	0
Nur_Inf_Warriors_To_Cav_Knights	wh3_dlc20_chs_warriors_nur	wh3_dlc20_chs_knights_nur	Yukino_Upgrade_Cost_T4	7	7
Yukino_Nur_Cav_Knights	wh3_dlc20_chs_knights_nur	wh3_dlc20_chs_knights_nur	Yukino_Upgrade_Cost_Weapon_Swap_2	0	0
Nur_Inf_Marauder_To_Warriors	wh3_dlc20_chs_marauder_inf_nur	wh3_dlc20_chs_warriors_nur	Yukino_Upgrade_Cost_T3	5	5
Yukino_Nur_Inf_Warriors	wh3_dlc20_chs_warriors_nur	wh3_dlc20_chs_warriors_nur	Yukino_Upgrade_Cost_Weapon_Swap_2	0	0
Nur_Inf_Warriors_To_Forsaken	wh3_dlc20_chs_warriors_nur	wh3_dlc20_chs_forsaken_nur	Yukino_Upgrade_Cost_Weapon_Swap_2	0	0
Yukino_Nur_Inf_Marauder	wh3_dlc20_chs_marauder_inf_nur	wh3_dlc20_chs_marauder_inf_nur	Yukino_Upgrade_Cost_Weapon_Swap_1	0	0
Nur_Inf_Marauder_To_Pestigors	wh3_dlc20_chs_marauder_inf_nur	Yukino_Nur_Inf_Pestigors	Yukino_Upgrade_Cost_Weapon_Swap_1	0	0
Yukino_Nur_Inf_Plague_Ogres	Yukino_Nur_Inf_Plague_Ogres	Yukino_Nur_Inf_Plague_Ogres	Yukino_Upgrade_Cost_Weapon_Swap_2	0	0
Nur_Inf_Marauder_To_Cav_Marauder_Horsemen	wh3_dlc20_chs_marauder_inf_nur	wh3_dlc20_chs_marauder_horsemen_nur	Yukino_Upgrade_Cost_T2	3	3
Nur_Cav_Knights_To_Rot_Knights	wh3_dlc20_chs_knights_nur	wh3_dlc25_nur_cav_rot_knights	Yukino_Upgrade_Cost_T4	7	7
Nur_Cav_Rot_Knights_To_RoR	wh3_dlc25_nur_cav_rot_knights	Yukino_Nur_Cav_Rot_Knights_RoR	Yukino_Upgrade_Cost_RoR2	9	0
Nur_Cav_Marauder_Horsemen_To_Knights	wh3_dlc20_chs_marauder_horsemen_nur	wh3_dlc20_chs_knights_nur	Yukino_Upgrade_Cost_T3	7	7
Nur_Cav_Marauder_Horsemen_To_Veh_Chariot	wh3_dlc20_chs_marauder_horsemen_nur	wh3_dlc20_chs_chariot_nur	Yukino_Upgrade_Cost_T3	5	5
Nur_Veh_Chariot_To_Mon_Warshrine	wh3_dlc20_chs_chariot_nur	Yukino_Nur_Mon_Warshrine	Yukino_Upgrade_Cost_T4	7	7
Nur_Mon_Rot_Flies_To_Cav_Plague_Drones_1	Yukino_Nur_Mon_Rot_Flies	Yukino_Nur_Cav_Plague_Drones_1	Yukino_Upgrade_Cost_T3	5	5
Nur_Cav_Plague_Drones_1_To_2	Yukino_Nur_Cav_Plague_Drones_1	Yukino_Nur_Cav_Plague_Drones_2	Yukino_Upgrade_Cost_T4	7	7
Nur_Cav_Plague_Drones_2_To_RoR	Yukino_Nur_Cav_Plague_Drones_2	Yukino_Nur_Cav_Plague_Drones_2_RoR	Yukino_Upgrade_Cost_RoR2	9	0
Nur_Mon_Beast_of_Nurgle_To_Great_Unclean_One	Yukino_Nur_Mon_Beast_of_Nurgle	Yukino_Nur_Mon_Great_Unclean_One	Yukino_Upgrade_Cost_T4	7	7
Nur_Mon_Beast_of_Nurgle_To_Toad_Dragon	Yukino_Nur_Mon_Beast_of_Nurgle	Yukino_Nur_Mon_Toad_Dragon	Yukino_Upgrade_Cost_T5	9	9
Nur_Mon_Great_Unclean_One_To_RoR	Yukino_Nur_Mon_Great_Unclean_One	Yukino_Nur_Mon_Great_Unclean_One_RoR	Yukino_Upgrade_Cost_RoR3	9	0
Nur_Mon_Great_Unclean_One_To_Soul_Grinder	Yukino_Nur_Mon_Great_Unclean_One	Yukino_Nur_Mon_Soul_Grinder	Yukino_Upgrade_Cost_T5	9	9
Nur_Mon_Soul_Grinder_To_RoR	Yukino_Nur_Mon_Soul_Grinder	Yukino_Nur_Mon_Soul_Grinder_RoR	Yukino_Upgrade_Cost_RoR3	9	0
Nur_Inf_Forsaken_To_RoR	wh3_dlc20_chs_forsaken_nur	Yukino_Nur_Inf_Forsaken_RoR	Yukino_Upgrade_Cost_RoR1	9	0
Nur_Inf_Forsaken_To_Plaguebearers_Exalted	wh3_dlc20_chs_forsaken_nur	wh3_main_chs_plaguebearers	Yukino_Upgrade_Cost_Weapon_Swap_2	0	0
Nur_Inf_Forsaken_To_Mon_Spawn	wh3_dlc20_chs_forsaken_nur	wh3_dlc20_chs_spawn_nur	Yukino_Upgrade_Cost_T3	5	5
Nur_Inf_Pestigors_To_Plaguebearers	Yukino_Nur_Inf_Pestigors	Yukino_Nur_Cav_Pox_Riders_of_Nurgle	Yukino_Upgrade_Cost_T3	5	5
Nur_Inf_Pestigors_To_Forsaken	Yukino_Nur_Inf_Pestigors	wh3_dlc20_chs_forsaken_nur	Yukino_Upgrade_Cost_T2	3	3
Nur_Inf_Pestigors_To_Mon_Bile_Trolls	Yukino_Nur_Inf_Pestigors	wh3_dlc25_nur_mon_bile_trolls	Yukino_Upgrade_Cost_T4	7	7
Nur_Mon_Spawn_To_Soul_Grinder	wh3_dlc20_chs_spawn_nur	Yukino_Nur_Mon_Soul_Grinder	Yukino_Upgrade_Cost_T5	9	9
Nur_Mon_Soul_Grinder_To_Plague_Ogres	wh3_dlc20_chs_spawn_nur	Yukino_Nur_Inf_Plague_Ogres	Yukino_Upgrade_Cost_Weapon_Swap_2	0	0
Nur_Mon_Bile_Trolls_To_Spawn	wh3_dlc25_nur_mon_bile_trolls	Yukino_Nur_Inf_Plague_Ogres	Yukino_Upgrade_Cost_Weapon_Swap_1	0	0
