unit	additional_building_requirement	campaign_cap	caste	create_time	is_naval	land_unit	num_men	multiplayer_cap	multiplayer_cost	naval_unit	num_ships	min_men_per_ship	max_men_per_ship	recruitment_cost	upkeep_cost	weight	resource_requirement	special_edition_mask	in_encyclopedia	audio_voiceover_culture	ui_unit_group_land	tier	is_high_threat	porthole_camera	mount	use_hitpoints_in_campaign	porthole_composite_scene	melee_cp	missile_cp	can_siege	audio_voiceover_culture_override	restrict_xp_gain_in_campaign	audio_voiceover_actor_group	food_cost	has_spoken_vo	is_monstrous	multiplayer_qb_cap	vo_is_dragon	vo_is_dinosaur	optional_ui_element	barrier_health	can_be_bribed	point_allowance_weight	is_renown
#main_units_tables;7;db/main_units_tables/Yukino_Upgrade_Dwf_单位主要参数表																																												
wh_dlc06_dwf_inf_ekrund_miners_0		1	melee_infantry	1	false	wh_dlc06_dwf_inf_ekrund_miners_0	100	1	800	wh_main_shp_transport	1	1	100	800	200	heavy		0	true	wh_main_vo_culture_Dwarf	infantry_pickaxe	2	false	dwf_warrior_30_degrees		false		600.0000	200.0000	false	vo_culture_None	false	wh_main_vo_actor_Dwarf_Infantry	0	true	false	1	false	false		0.0000	true	1	true
wh_dlc06_dwf_inf_warriors_dragonfire_pass_0		1	melee_infantry	1	false	wh_dlc06_dwf_inf_warriors_dragonfire_pass_0	100	1	1000	wh_main_shp_transport	1	1	100	1000	250	heavy		0	true	wh_main_vo_culture_Dwarf	infantry_axe	2	false	dwf_warrior_30_degrees		false		1000.0000	0.0000	false	vo_culture_None	false	wh_main_vo_actor_Dwarf_Infantry	0	true	false	1	false	false		0.0000	true	1	true
wh_dlc06_dwf_inf_old_grumblers_0		1	melee_infantry	2	false	wh_dlc06_dwf_inf_old_grumblers_0	100	1	1400	wh_main_shp_transport	1	1	100	1400	350	heavy		0	true	wh_main_vo_culture_Dwarf	infantry_axe_great	3	false	dwf_warrior_15_degrees		false		1400.0000	0.0000	false	vo_culture_None	false	wh_main_vo_actor_Dwarf_Infantry	0	true	false	1	false	false		0.0000	true	1	true
wh_dlc06_dwf_inf_ulthars_raiders_0		1	missile_infantry	1	false	wh_dlc06_dwf_inf_ulthars_raiders_0	80	1	1200	wh_main_shp_transport	1	1	80	1200	300	heavy		0	true	wh_main_vo_culture_Dwarf	infantry_axe_throwing	2	false	dwf_warrior_15_degrees		false		600.0000	600.0000	false	vo_culture_None	false	wh_main_vo_actor_Dwarf_Infantry	0	true	false	1	false	false		0.0000	true	1	true
wh_dlc06_dwf_inf_dragonback_slayers_0		1	melee_infantry	2	false	wh_dlc06_dwf_inf_dragonback_slayers_0	80	1	1200	wh_main_shp_transport	1	1	80	1200	300	light		0	true	wh_main_vo_culture_Dwarf	infantry_axe_dual	3	false	dwf_warrior_30_degrees		false		1200.0000	0.0000	false	vo_culture_None	false	wh_main_vo_actor_Dwarf_Unique	0	true	false	1	false	false		0.0000	true	1	true
wh_dlc06_dwf_inf_peak_gate_guard_0		1	melee_infantry	2	false	wh_dlc06_dwf_inf_peak_gate_guard_0	100	1	1600	wh_main_shp_transport	1	1	100	1600	400	heavy		0	true	wh_main_vo_culture_Dwarf	infantry_hammer_great	4	false	dwf_warrior_45_degrees		false		1600.0000	0.0000	false	vo_culture_None	false	wh_main_vo_actor_Dwarf_Infantry	0	true	false	1	false	false		0.0000	true	1	true
wh_dlc06_dwf_inf_norgrimlings_ironbreakers_0		1	melee_infantry	2	false	wh_dlc06_dwf_inf_norgrimlings_ironbreakers_0	120	1	1600	wh_main_shp_transport	1	1	120	1600	400	very_heavy		0	true	wh_main_vo_culture_Dwarf	infantry_axe	4	false	dwf_warrior_15_degrees		false		1200.0000	400.0000	false	vo_culture_None	false	wh_main_vo_actor_Dwarf_Infantry	0	true	false	1	false	false		0.0000	true	1	true
wh_dlc06_dwf_inf_norgrimlings_irondrakes_0		1	missile_infantry	2	false	wh_dlc06_dwf_inf_norgrimlings_irondrakes_0	28	1	1600	wh_main_shp_transport	1	1	28	1600	400	very_heavy		0	true	wh_main_vo_culture_Dwarf	dwf_irondrakes	3	false	dwf_warrior_15_degrees		false		0.0000	1600.0000	false	vo_culture_None	false	wh_main_vo_actor_Dwarf_Infantry	0	true	false	1	false	false		0.0000	true	1	true
wh_dlc06_dwf_veh_skyhammer_0		1	warmachine	2	false	wh_dlc06_dwf_veh_skyhammer_0	4	1	2000	wh_main_shp_transport	1	1	1	2000	500	heavy		0	true	wh_main_vo_culture_Dwarf	dwf_gyrocopter	3	true	dwf_gyrobomber		false		0.0000	2000.0000	false	vo_culture_None	false	wh_main_vo_actor_Dwarf_Unique	0	true	false	1	false	false		0.0000	true	1	true
wh_dlc06_dwf_art_gob_lobber_0		1	warmachine	1	false	wh_dlc06_dwf_art_gob_lobber_0	32	1	900	wh_main_shp_transport	1	1	32	1200	225	very_heavy		0	true	wh_main_vo_culture_Dwarf	catapult	2	false	dwf_warrior_15_degrees		false		0.0000	1200.0000	true	vo_culture_None	false	wh_main_vo_actor_Dwarf_Infantry	0	true	false	1	false	false		0.0000	true	1	true
wh3_dlc25_dwf_inf_doomseekers_ror		1	melee_infantry	2	false	wh3_dlc25_dwf_inf_doomseekers_ror	32	0	2000	wh_main_shp_transport	1	1	80	2000	500	heavy		0	true	wh_main_vo_culture_Dwarf	infantry_axe_dual	4	false	dwf_warrior_30_degrees		false		2000.0000	0.0000	false	vo_culture_None	false	wh_main_vo_actor_Dwarf_Unique	0	true	false	6	false	false		0.0000	true	1	true
wh3_dlc25_dwf_inf_slayer_pirates_ror		1	missile_infantry	1	false	wh3_dlc25_dwf_inf_slayer_pirates_ror	80	0	1000	wh_main_shp_transport	1	1	80	1000	250	light		0	true	wh_main_vo_culture_Dwarf	missile_infantry_pistol	2	false	dwf_warrior_30_degrees		false		600.0000	400.0000	false	vo_culture_None	false	wh_main_vo_actor_Dwarf_Unique	0	true	false	6	false	false		0.0000	true	1	true
wh3_dlc25_dwf_inf_thunderers_ror		1	missile_infantry	1	false	wh3_dlc25_dwf_inf_thunderers_ror	80	0	1400	wh_main_shp_transport	1	1	80	1400	350	heavy		0	true	wh_main_vo_culture_Dwarf	missile_infantry_grudge_raker	2	false	dwf_warrior_45_degrees		false		400.0000	1000.0000	false	vo_culture_None	false	wh_main_vo_actor_Dwarf_Infantry	0	true	false	6	false	false		0.0000	true	1	true
