unit_upgrade_group	x	y	category
#unit_upgrade_group_ui_infos_tables;1;db/unit_upgrade_group_ui_infos_tables/Yukino_Upgrade_Skv_A			
Yukino_Skv_Inf_Plague_Monk_2_RoR	497	300	SKV
Yukino_Skv_Inf_Stormvermin_RoR	104	0	SKV
Yukino_Skv_Inf_Clanrat_RoR	0	300	SKV
Yukino_Skv_Inf_Plague_Monk_2	449	300	SKV
Yukino_Skv_Inf_Plague_Monk_1	300	300	SKV
Yukino_Skv_Inf_Squad_of_Assassins	0	150	SKV
Yukino_Skv_Inf_Squad_of_Assassins_RoR	0	0	SKV
Yukino_Skv_Inf_Stormvermin	104	150	SKV
Yukino_Skv_Inf_Clanrat_2	104	300	SKV
Yukino_Skv_Inf_Clanrat_1	104	450	SKV
Yukino_Skv_Inf_Skavenslave_1	104	600	SKV
Yukino_Skv_Inf_Gutter_Runners_2	629	450	SKV
Yukino_Skv_Inf_Gutter_Runners_1	449	450	SKV
Yukino_Skv_Inf_Night_Runners	274	450	SKV
Yukino_Skv_Inf_Weapons_Group_4	20	489	SKV2
Yukino_Skv_Inf_Weapons_Group_3	86	75	SKV2
Yukino_Skv_Inf_Weapons_Group_2	506	380	SKV2
Yukino_Skv_Inf_Weapons_Group_1	303	503	SKV2
Yukino_Skv_Inf_Weapons_Group_4_RoR	197	600	SKV2
Yukino_Skv_Inf_Weapons_Group_3_RoR	10	140	SKV2
Yukino_Skv_Inf_Weapons_Group_2_RoR	596	600	SKV2
Yukino_Skv_Inf_Weapons_Group_1_RoR	450	0	SKV2
Yukino_Skv_Mon_Hell_Pit_Abomination	800	150	SKV
Yukino_Skv_Mon_Hell_Pit_Abomination_RoR	800	0	SKV
Yukino_Skv_Mon_Rat_Ogre_Mutant	653	150	SKV
Yukino_Skv_Mon_Rat_Ogre_Mutant_RoR	653	0	SKV
Yukino_Skv_Mon_Rat_Ogres	474	150	SKV
Yukino_Skv_Mon_Rat_Ogres_RoR	474	0	SKV
Yukino_Skv_Veh_Doomwheel_RoR	553	262	SKV2
Yukino_Skv_Veh_Doom_Flayer	156	312	SKV2
Yukino_Skv_Veh_Doom_Flayer_RoR	252	362	SKV2
