unit	unit_group
#unit_to_unit_group_junctions_tables;0;db/unit_to_unit_group_junctions_tables/Yukino_Upgrade_Nur	
wh3_dlc25_nur_cav_plague_drones_1_ror	Yukino_Nur_Cav_Plague_Drones_2_RoR
wh3_main_nur_cav_plague_drones_1	Yukino_Nur_Cav_Plague_Drones_2
wh3_main_nur_cav_plague_drones_0	Yukino_Nur_Cav_Plague_Drones_1
wh3_main_nur_mon_rot_flies_0	Yukino_Nur_Mon_Rot_Flies
wh3_twa06_nur_inf_plaguebearers_ror_0	Yukino_Nur_Inf_Plaguebearers_RoR
wh3_main_nur_inf_plaguebearers_1	wh3_main_chs_plaguebearers_exalted
wh3_main_nur_inf_plaguebearers_0	wh3_main_chs_plaguebearers
wh3_twa10_nur_inf_nurglings_ror	Yukino_Nur_Inf_Nurglings_RoR
wh3_main_nur_inf_nurglings_0	Yukino_Nur_Inf_Nurglings
wh3_main_nur_mon_plague_toads_0	Yukino_Nur_Mon_Plague_Toads
wh3_dlc25_nur_mon_toad_dragon	Yukino_Nur_Mon_Toad_Dragon
wh3_main_nur_cav_pox_riders_of_nurgle_0	Yukino_Nur_Cav_Pox_Riders_of_Nurgle
wh3_twa07_nur_cav_pox_riders_of_nurgle_ror_0	Yukino_Nur_Cav_Pox_Riders_of_Nurgle_RoR
wh3_main_nur_inf_forsaken_0_warriors	wh3_dlc20_chs_forsaken_nur
wh_pro04_chs_inf_forsaken_ror_0	Yukino_Nur_Inf_Forsaken_RoR
wh3_main_nur_mon_spawn_of_nurgle_0_warriors	wh3_dlc20_chs_spawn_nur
wh3_dlc25_nur_mon_bile_trolls	wh3_dlc25_nur_mon_bile_trolls
wh3_dlc29_chs_inf_putrid_blightkings_axe_shield	wh3_dlc29_chs_putrid_blightkings
wh3_dlc29_chs_inf_putrid_blightkings_dual_axe	wh3_dlc29_chs_putrid_blightkings
wh3_dlc29_chs_inf_putrid_blightkings_great_weapons	wh3_dlc29_chs_putrid_blightkings
wh3_dlc20_chs_inf_chosen_mnur	wh3_dlc20_chs_chosen_nur
wh3_dlc20_chs_inf_chosen_mnur_greatweapons	wh3_dlc20_chs_chosen_nur
wh3_dlc20_chs_inf_chaos_warriors_mnur	wh3_dlc20_chs_warriors_nur
wh3_dlc20_chs_inf_chaos_warriors_mnur_greatweapons	wh3_dlc20_chs_warriors_nur
wh3_dlc20_chs_inf_chaos_marauders_mnur	wh3_dlc20_chs_marauder_inf_nur
wh3_dlc20_chs_inf_chaos_marauders_mnur_greatweapons	wh3_dlc20_chs_marauder_inf_nur
wh3_dlc25_nur_inf_pestigors	Yukino_Nur_Inf_Pestigors
wh3_dlc25_nur_inf_plague_ogres	Yukino_Nur_Inf_Plague_Ogres
wh3_dlc25_nur_inf_plague_ogres_great_weapons	Yukino_Nur_Inf_Plague_Ogres
wh3_dlc20_chs_cav_marauder_horsemen_mnur_throwing_axes	wh3_dlc20_chs_marauder_horsemen_nur
wh3_dlc20_chs_cav_chaos_knights_mnur	wh3_dlc20_chs_knights_nur
wh3_dlc20_chs_cav_chaos_knights_mnur_lances	wh3_dlc20_chs_knights_nur
wh3_dlc25_nur_cav_rot_knights	wh3_dlc25_nur_cav_rot_knights
wh3_dlc25_nur_cav_rot_knights_ror	Yukino_Nur_Cav_Rot_Knights_RoR
wh3_dlc20_chs_cav_chaos_chariot_mnur	wh3_dlc20_chs_chariot_nur
wh3_dlc20_chs_mon_warshrine_mnur	Yukino_Nur_Mon_Warshrine
wh3_main_nur_mon_beast_of_nurgle_0	Yukino_Nur_Mon_Beast_of_Nurgle
wh3_main_nur_mon_great_unclean_one_0	Yukino_Nur_Mon_Great_Unclean_One
wh3_twa08_nur_mon_great_unclean_one_0_ror	Yukino_Nur_Mon_Great_Unclean_One_RoR
wh3_main_nur_mon_soul_grinder_0	Yukino_Nur_Mon_Soul_Grinder
wh3_dlc25_nur_mon_soul_grinder_0_ror	Yukino_Nur_Mon_Soul_Grinder_RoR
