child_key	parent_key	child_link_position	parent_link_position	parent_link_position_offset	child_link_position_offset	mid_link_offset
#unit_upgrade_group_ui_links_tables;2;db/unit_upgrade_group_ui_links_tables/Yukino_Upgrade_Def						
Yukino_Def_Inf_long_range_2_RoR	Yukino_Def_Inf_long_range_2	3	1	0.0000	0.0000	0.0000
Yukino_Def_Inf_long_range_2	Yukino_Def_Inf_long_range_1	3	1	0.0000	0.0000	0.0000
Yukino_Def_Inf_Black_Ark_Corsairs_2	Yukino_Def_Inf_long_range_2	4	2	0.0000	0.0000	0.0000
Yukino_Def_Veh_Cold_One_Knights	Yukino_Def_Inf_long_range_1	4	2	0.0000	0.0000	0.0000
Yukino_Def_Inf_Shades_1	Yukino_Def_Inf_Black_Ark_Corsairs_2	3	1	0.0000	0.0000	0.0000
Yukino_Def_Veh_Cold_One_Knights	Yukino_Def_Inf_Black_Ark_Corsairs_2	1	3	0.0000	0.0000	0.0000
Yukino_Def_Inf_Shades_2	Yukino_Def_Inf_Shades_1	3	1	0.0000	0.0000	0.0000
Yukino_Def_Inf_Shades_3	Yukino_Def_Inf_Shades_2	3	1	0.0000	0.0000	0.0000
Yukino_Def_Veh_Shades_RoR	Yukino_Def_Veh_Shades	3	1	0.0000	0.0000	0.0000
Yukino_Def_Veh_Shades_RoR	Yukino_Def_Inf_Shades_3	2	4	0.0000	0.0000	0.0000
Yukino_Def_Veh_Shades	Yukino_Def_Inf_Shades_2	2	4	0.0000	0.0000	0.0000
Yukino_Def_Veh_Cold_One_Knights	Yukino_Def_Cav_Cold_One_Knights_1	2	4	0.0000	0.0000	0.0000
Yukino_Def_Cav_Cold_One_Knights_2	Yukino_Def_Cav_Cold_One_Knights_1	4	2	0.0000	0.0000	0.0000
Yukino_Def_Cav_Cold_One_Knights_2_RoR	Yukino_Def_Cav_Cold_One_Knights_2	4	2	0.0000	0.0000	0.0000
Yukino_Def_Inf_Har_Ganeth_Executioners_RoR	Yukino_Def_Inf_Har_Ganeth_Executioners	3	1	0.0000	0.0000	0.0000
Yukino_Def_Inf_Har_Ganeth_Executioners	Yukino_Def_Inf_Black_Ark_Corsairs_1	3	1	0.0000	0.0000	0.0000
Yukino_Def_Inf_Black_Ark_Corsairs_1	Yukino_Def_Inf_Bleakswords	3	1	0.0000	0.0000	0.0000
Yukino_Def_Inf_Dreadspears	Yukino_Def_Inf_Bleakswords	4	2	0.0000	0.0000	0.0000
Yukino_Def_Inf_Bleakswords	Yukino_Def_Inf_Dreadspears	2	4	0.0000	0.0000	0.0000
Yukino_Def_Cav_Dark_Riders_3	Yukino_Def_Cav_Dark_Riders_2	3	1	0.0000	0.0000	0.0000
Yukino_Def_Cav_Dark_Riders_2	Yukino_Def_Cav_Dark_Riders_1	3	1	0.0000	0.0000	0.0000
Yukino_Def_Cav_Dark_Riders_1	Yukino_Def_Inf_Dreadspears	3	1	0.0000	0.0000	0.0000
Yukino_Def_Cav_Cold_One_Knights_1	Yukino_Def_Inf_Dreadspears	1	3	0.0000	0.0000	0.0000
Yukino_Def_Cav_Dark_Riders_3_RoR	Yukino_Def_Cav_Dark_Riders_3	4	2	0.0000	0.0000	0.0000
Yukino_Def_Cav_Doomfire_Warlocks_RoR	Yukino_Def_Cav_Doomfire_Warlocks	3	1	0.0000	0.0000	0.0000
Yukino_Def_Cav_Doomfire_Warlocks	Yukino_Def_Cav_Dark_Riders_1	4	2	0.0000	0.0000	0.0000
Yukino_Def_Inf_Dreadspears_RoR	Yukino_Def_Inf_Dreadspears	4	2	0.0000	0.0000	0.0000
Yukino_Def_Inf_Witch_Elves_RoR	Yukino_Def_Inf_Witch_Elves	3	1	0.0000	0.0000	0.0000
Yukino_Def_Inf_Sisters_of_Slaughter	Yukino_Def_Inf_Witch_Elves	1	3	0.0000	0.0000	0.0000
Yukino_Def_Inf_Harpies_RoR	Yukino_Def_Inf_Harpies	3	1	0.0000	0.0000	0.0000
Yukino_Def_Mon_Medusa_RoR	Yukino_Def_Mon_Medusa	1	3	0.0000	0.0000	0.0000
Yukino_Def_Veh_Medusa	Yukino_Def_Mon_Medusa	3	1	0.0000	0.0000	0.0000
Yukino_Def_Mon_War_Head_RoR	Yukino_Def_Mon_War_Head	3	1	0.0000	0.0000	0.0000
Yukino_Def_Mon_War_Head	Yukino_Def_Mon_Kharibdyss	3	1	0.0000	0.0000	0.0000
Yukino_Def_Mon_Kharibdyss	Yukino_Def_Mon_War_Head	1	3	0.0000	0.0000	0.0000
Yukino_Def_Mon_Black_Dragon	Yukino_Def_Mon_Feral_Manticore	4	2	0.0000	0.0000	0.0000
Yukino_Def_Mon_Black_Dragon_Imrik	Yukino_Def_Mon_Black_Dragon	4	2	0.0000	0.0000	0.0000
Yukino_Def_Mon_Black_Dragon_Imrik_Boss	Yukino_Def_Mon_Black_Dragon_Imrik	4	2	0.0000	0.0000	0.0000
